chlorides,density,pH,sulphates,alcohol,quality
0.076,0.9978,3.51,0.56,9.4,5
0.098,0.9968,3.2,0.68,9.8,5
0.092,0.997,3.26,0.65,9.8,5
0.075,0.998,3.16,0.58,9.8,6
0.076,0.9978,3.51,0.56,9.4,5
0.075,0.9978,3.51,0.56,9.4,5
0.069,0.9964,3.3,0.46,9.4,5
0.065,0.9946,3.39,0.47,10,7
0.073,0.9968,3.36,0.57,9.5,7
0.071,0.9978,3.35,0.8,10.5,5
0.097,0.9959,3.28,0.54,9.2,5
0.071,0.9978,3.35,0.8,10.5,5
0.089,0.9943,3.58,0.52,9.9,5
0.114,0.9974,3.26,1.56,9.1,5
0.176,0.9986,3.16,0.88,9.2,5
0.17,0.9986,3.17,0.93,9.2,5
0.092,0.9969,3.3,0.75,10.5,7
0.368,0.9968,3.11,1.28,9.3,5
0.086,0.9974,3.38,0.5,9,4
0.341,0.9969,3.04,1.08,9.2,6
0.077,0.9968,3.39,0.53,9.4,6
0.082,0.9982,3.52,0.65,9.7,5
0.106,0.9966,3.17,0.91,9.5,5
0.084,0.9968,3.17,0.53,9.4,5
0.085,0.9968,3.43,0.63,9.7,6
0.08,0.9955,3.34,0.56,9.3,5
0.08,0.9962,3.28,0.59,9.5,5
0.106,0.9966,3.17,0.91,9.5,5
0.08,0.9972,3.47,0.55,9.4,5
0.082,0.9964,3.38,0.59,9.8,6
0.089,0.9958,3.35,0.54,10.1,5
0.105,0.9966,3.46,0.57,10.6,6
0.083,0.9966,3.17,0.66,9.8,5
0.073,0.9993,3.45,0.52,9.4,6
0.103,0.9957,3.38,0.55,9.2,5
0.086,0.9986,3.4,0.55,9.6,6
0.086,0.9975,3.42,0.6,10.8,6
0.066,0.9968,3.23,0.73,9.7,7
0.172,0.994,3.5,0.48,9.8,4
0.074,0.9978,3.33,0.83,10.5,5
0.074,0.9978,3.33,0.83,10.5,5
0.088,0.9976,3.26,0.51,9.3,4
0.332,0.9968,3.21,0.9,10.5,6
0.069,0.9968,3.3,1.2,10.3,5
0.05,0.9962,3.48,0.52,9.5,5
0.054,0.9934,3.9,0.56,13.1,4
0.114,0.997,3.25,0.73,9.2,5
0.113,0.9969,3.25,0.58,9.5,5
0.066,0.9958,3.34,0.56,9.2,5
0.074,0.9954,3.32,0.58,9.2,5
0.074,0.9971,3.15,0.74,9.2,5
0.069,0.9956,3.4,0.63,9.4,6
0.068,0.9955,3.39,0.64,9.4,6
0.081,0.997,3.2,0.56,9.4,5
0.11,0.9955,3.17,0.63,10.2,6
0.084,0.9978,3.34,0.53,9.5,5
0.07,0.9971,3.04,0.63,9.6,5
0.111,0.9983,3.26,0.77,9.4,5
0.076,0.9975,3.43,0.59,10,5
0.074,0.9962,3.41,0.54,9.4,6
0.079,0.998,3.44,0.64,9.2,5
0.115,0.9968,3.21,0.71,9.3,5
0.085,0.9968,3.38,0.62,9.5,7
0.081,0.9966,3.39,0.57,9.8,5
0.086,0.9962,3.41,0.39,10.9,5
0.086,0.9962,3.41,0.39,10.9,5
0.079,0.9968,3.42,0.58,9.6,5
0.076,0.9962,3.44,0.58,10.7,5
0.074,0.9969,3.28,0.79,10.7,5
0.074,0.9962,3.34,0.95,10.5,6
0.076,0.9967,3.32,0.54,9.5,6
0.088,0.9962,3.32,0.48,9.5,5
0.084,0.9961,3.31,0.48,9.5,5
0.084,0.9976,3.31,0.53,9.2,4
0.094,0.9984,3.28,0.82,9.6,5
0.093,0.9986,3.54,0.66,10.5,5
0.093,0.9986,3.54,0.66,10.5,5
0.104,0.9966,3.52,0.55,10.7,6
0.086,0.9958,3.38,0.52,10.1,5
0.08,0.9972,3.16,1.12,9.1,4
0.069,0.9958,3.41,0.56,9.2,5
0.464,0.9974,3.13,1.28,9.4,5
0.086,0.997,3.36,0.57,9.1,5
0.401,0.9969,3.16,1.14,9.4,5
0.069,0.9959,3.44,0.78,10.3,6
0.076,0.9961,3.41,0.59,10.1,5
0.11,0.9972,2.93,1.95,9.9,6
0.062,0.9966,3.39,0.64,9.6,5
0.107,0.9978,3.14,1.22,9.5,5
0.076,0.9978,3.48,0.53,9,5
0.079,0.9964,3.23,0.54,9.5,5
0.11,0.9972,2.93,1.95,9.9,6
0.11,0.9972,2.93,1.98,9.8,5
0.062,0.9966,3.39,0.64,9.6,5
0.045,0.9938,3.75,0.48,10.5,4
0.058,0.9932,3.85,0.6,12.9,6
0.102,0.9965,3.45,0.56,10.7,5
0.07,0.9963,3.25,0.63,9.2,5
0.079,0.9967,3.39,0.56,9.8,5
0.08,0.9972,3.3,0.59,9,6
0.084,0.9972,3.4,0.61,10.2,6
0.075,0.9959,3.31,0.56,10.4,6
0.08,0.9972,3.3,0.59,9,6
0.077,0.9967,3.29,0.51,9.2,5
0.07,0.996,3.33,0.48,9.4,5
0.077,0.9967,3.29,0.51,9.2,5
0.467,0.9973,3.08,1.31,9.3,5
0.088,0.9969,3.46,0.79,9.3,5
0.091,0.9976,3.37,0.8,9.6,6
0.122,0.9969,3.21,0.69,9.3,5
0.104,0.9964,3.19,0.93,9.5,5
0.084,0.9964,3.15,0.66,9.8,5
0.085,0.9964,3.15,0.66,9.8,5
0.08,0.9988,3.32,0.67,9.7,6
0.104,0.9964,3.19,0.93,9.5,5
0.09,0.9966,3.07,0.63,10.5,6
0.077,0.9978,3.39,0.61,10,6
0.082,0.997,3.37,0.5,9.4,6
0.119,0.9962,3.21,0.6,10.9,6
0.097,0.9959,3.34,0.54,9.2,6
0.178,0.9962,3.3,0.57,9,5
0.119,0.9962,3.21,0.6,10.9,6
0.075,0.998,3.49,0.52,9.2,5
0.08,0.9976,3.44,0.53,9.5,5
0.082,0.996,3.39,0.48,9.5,5
0.146,0.9984,3.16,0.7,9.4,5
0.081,0.9964,3.53,0.49,10.9,5
0.082,0.9964,3.54,0.48,10.9,5
0.065,0.9962,3.42,0.92,10.5,7
0.072,0.9955,3.42,0.57,9.4,5
0.118,0.9968,3.24,0.66,9.4,5
0.049,0.9937,3.63,0.63,13,5
0.049,0.9937,3.63,0.63,13,5
0.06,0.9952,3.4,0.58,9.8,6
0.084,0.9959,3.22,0.55,9.9,6
0.09,0.9965,3.19,0.82,9.6,5
0.089,0.9968,3.23,0.77,9.5,5
0.081,0.9972,3.48,0.64,9.2,5
0.081,0.9962,3.33,0.54,9.5,5
0.081,0.9962,3.32,0.54,9.5,5
0.09,0.9965,3.19,0.82,9.6,5
0.089,0.9968,3.23,0.77,9.5,5
0.05,0.9916,3.68,0.79,14,6
0.066,0.9954,3.34,0.58,9.4,5
0.05,0.9916,3.68,0.79,14,6
0.117,0.9968,3.17,0.62,9.4,5
0.087,0.9944,3.54,0.52,10,5
0.236,0.9968,3.11,0.8,9.3,5
0.074,0.9959,3.42,0.58,10.2,6
0.089,0.9975,3.53,0.61,10.5,6
0.077,0.9958,3.33,0.53,10.3,6
0.61,0.9996,2.74,2,9.4,4
0.095,0.995,3.35,0.54,10.1,5
0.095,0.995,3.35,0.54,10.1,5
0.07,0.9973,3.42,0.72,10.5,5
0.071,0.9973,3.42,0.71,10.5,5
0.07,0.9973,3.42,0.72,10.5,5
0.071,0.9973,3.42,0.71,10.5,5
0.073,0.9969,3.48,0.5,9.3,5
0.079,0.9968,3.59,0.57,9.3,6
0.09,0.9959,3.2,0.56,9.6,5
0.072,0.9965,3.17,1.08,9.2,4
0.076,0.9964,3.33,0.56,10,6
0.07,0.9982,3.37,0.49,9.4,5
0.07,0.9981,3.37,0.49,9.4,5
0.1,0.9961,3.19,0.62,9.5,5
0.085,0.9956,3.34,0.52,10.2,5
0.072,0.9956,3.37,0.48,9,4
0.089,0.9953,3.47,0.55,10.4,6
0.36,0.9964,3,1.59,9.5,5
0.058,0.9972,3.36,0.33,9.1,4
0.073,0.9972,3.29,0.61,9.2,6
0.073,0.9972,3.29,0.61,9.2,6
0.068,0.9961,3.42,0.57,11.5,6
0.08,0.9961,3.33,0.47,9.5,5
0.085,0.9958,3.35,0.78,9.5,5
0.08,0.9961,3.33,0.47,9.5,5
0.087,0.9972,3.58,0.61,10.5,6
0.068,0.9969,3.48,0.56,9.6,5
0.067,0.9969,3.19,0.59,9.5,5
0.067,0.9969,3.19,0.59,9.5,5
0.27,0.9972,3.12,1.02,9.3,5
0.076,0.9972,3.44,0.52,9.3,5
0.077,0.9971,3.54,0.58,9.3,5
0.079,0.997,3.52,0.58,9.3,6
0.111,0.9971,3.26,0.53,9.7,5
0.082,0.9972,3.34,0.55,9.2,5
0.084,0.9976,3.39,0.49,9.7,5
0.084,0.9968,3.2,0.55,9.5,5
0.082,0.9968,3.2,0.55,9.5,5
0.077,0.9976,3.23,0.62,9.4,5
0.074,0.9974,3.57,0.62,9.8,6
0.099,0.9969,3.28,0.61,9.5,5
0.071,0.9964,3.28,0.55,9.7,5
0.071,0.9964,3.28,0.55,9.7,5
0.074,0.9968,3.25,0.54,9.4,5
0.074,0.9968,3.46,0.59,10.2,5
0.067,0.9981,3.11,0.97,10.1,6
0.046,0.9924,3.57,0.85,13,7
0.061,0.9948,3.51,0.43,11.4,4
0.056,0.99695,3.22,0.82,10.3,7
0.097,0.9975,3.04,1.03,9.3,5
0.075,0.99545,3.36,0.79,9.5,5
0.088,0.9961,3.34,0.55,9.2,5
0.089,0.99615,3.34,0.56,9.2,6
0.095,0.9994,3.2,0.77,10.8,7
0.095,0.9994,3.2,0.77,10.8,7
0.069,0.99625,3.29,0.53,9.3,5
0.1,0.9966,3.22,0.67,9.4,5
0.054,0.998,3.31,0.88,10.5,7
0.039,0.99585,3.3,0.86,12.4,6
0.083,0.99685,3.35,0.56,10,6
0.059,0.998,3.21,0.67,10.2,6
0.06,0.9959,3.3,0.43,10.1,5
0.092,0.9974,3.24,0.71,9.8,6
0.06,0.9974,3.34,0.76,10.5,5
0.101,0.9962,3.14,0.57,11,5
0.072,0.9967,3.36,0.55,9.1,5
0.076,0.9957,3.39,0.54,9.7,5
0.08,0.99655,3.3,0.6,9.5,5
0.082,0.9964,3.34,0.59,9.4,6
0.101,0.9957,3.15,0.57,9.4,5
0.057,0.99525,3.42,0.6,9.5,5
0.083,0.99815,3.28,0.6,10,6
0.089,0.99745,3.31,0.57,10.4,4
0.073,0.99615,3.37,0.58,10.5,6
0.337,0.9964,3.04,1.61,9.5,6
0.089,0.9984,3.39,0.63,9.8,5
0.073,0.99615,3.37,0.58,10.5,6
0.081,0.99685,3.46,0.5,11,5
0.054,0.9927,3.54,0.62,12.2,7
0.078,0.99625,3.37,0.52,9.9,6
0.09,0.998,3.34,0.7,9.6,6
0.081,0.99685,3.46,0.5,11,5
0.065,0.99685,3.32,0.55,9,6
0.097,0.99675,3.37,0.58,9,6
0.097,0.99675,3.37,0.58,9,6
0.097,0.99675,3.37,0.58,9.2,6
0.097,0.99675,3.37,0.58,9,6
0.065,0.99685,3.32,0.55,9,6
0.263,0.9971,3,1.09,9.3,5
0.093,0.99925,3.14,0.71,10.9,6
0.102,0.99565,3.08,0.49,9.8,6
0.075,1.00005,3.07,0.84,9.2,7
0.075,1.00005,3.07,0.84,9.2,7
0.084,0.9983,3.61,0.96,9.9,6
0.075,0.99685,3.38,0.52,9.5,5
0.072,0.9963,3.2,0.45,9.3,5
0.074,0.99615,3.35,0.48,9.8,6
0.084,0.9983,3.61,0.96,9.9,6
0.063,0.9985,3.22,0.78,10,6
0.074,0.9972,3.47,0.7,9.9,6
0.09,0.9986,3.17,0.53,10.5,5
0.092,0.9959,3.23,0.59,9.5,5
0.074,0.9972,3.47,0.7,9.9,6
0.073,0.99675,3.26,0.57,9.3,5
0.075,0.998,3.22,0.62,9.2,5
0.075,0.9968,3.49,0.67,9.2,5
0.611,0.9968,3.06,1.26,9.4,5
0.085,0.99965,3.36,0.8,10.5,7
0.077,0.99625,3.29,0.65,9.3,5
0.087,0.99565,3.35,0.6,9.4,4
0.07,0.99575,3.34,0.57,10,5
0.077,0.9963,3.28,0.67,9.3,5
0.064,0.9999,3.08,0.87,10.9,5
0.071,0.9968,3.2,0.72,10.2,7
0.096,1.00025,3.6,0.72,9.8,4
0.078,0.9973,3.35,0.86,12.8,8
0.077,0.9987,3.69,0.91,9.4,6
0.104,0.9996,3.28,0.97,10.1,6
0.087,0.9965,3.36,0.67,10.7,6
0.104,0.9996,3.28,0.97,10.1,6
0.071,0.99935,3.22,0.78,10.1,5
0.076,0.99735,3.31,0.64,9.4,5
0.088,0.99915,3.38,0.77,9.4,5
0.087,0.9965,3.36,0.67,10.7,6
0.077,0.9987,3.69,0.91,9.4,6
0.104,0.9996,3.28,0.97,10.1,6
0.073,0.9976,3.23,0.82,12.6,8
0.087,0.9991,3.38,0.77,10.5,7
0.071,0.9986,3.12,0.82,9.3,6
0.358,0.9972,3.25,1.08,9.9,7
0.067,0.9971,3.36,0.57,9.1,5
0.087,0.9991,3.38,0.77,10.5,7
0.102,1.00015,3.31,0.71,9.8,5
0.102,1.00015,3.31,0.71,9.8,5
0.073,0.9997,3.1,0.76,10.3,6
0.092,0.9967,3.37,0.7,10.3,6
0.091,0.9976,3.34,0.86,10.6,7
0.105,1.001,3.2,0.95,9.2,5
0.091,0.9976,3.34,0.86,10.6,7
0.343,0.9979,3.3,0.71,10.5,5
0.091,0.9994,3.22,0.64,10.3,6
0.098,0.9964,3.41,0.6,10.1,6
0.094,1.0014,3.05,0.81,9.5,6
0.073,1.0001,3.05,0.64,9.5,5
0.086,0.9981,3.16,0.52,9.9,5
0.083,0.99855,3.67,0.73,9.6,5
0.094,0.9993,3.67,0.8,9.7,5
0.08,0.99845,3.68,0.71,9.6,5
0.086,0.9965,3.38,0.59,10.7,6
0.068,0.9973,3.22,0.64,10.1,6
0.092,0.9994,3.51,0.72,10,5
0.186,0.996,3.39,0.54,9.5,5
0.112,0.9973,3.2,0.52,9.2,5
0.063,0.9998,3.12,0.59,9.3,6
0.082,0.9966,3.36,0.52,9.4,5
0.213,0.9994,3.19,0.62,9.5,6
0.214,0.9994,3.19,0.63,9.5,6
0.062,0.9968,3.41,0.53,9.5,6
0.063,0.9998,3.12,0.59,9.3,6
0.072,0.996,3.27,0.54,9.4,6
0.093,0.99815,3.32,0.63,9.5,6
0.076,0.9976,3.3,0.53,9.4,5
0.087,0.99645,3.39,0.68,11,5
0.096,0.9962,3.42,0.65,11,6
0.102,0.9996,3.3,0.65,10.1,5
0.082,0.99865,3.3,0.64,10.4,6
0.083,0.9989,3.37,0.71,11.5,7
0.082,0.99865,3.3,0.64,10.4,6
0.083,0.9989,3.37,0.71,11.5,7
0.09,0.99975,3.24,0.62,9.7,5
0.079,0.99735,3.29,0.63,9.3,5
0.09,0.999,3.28,0.7,9.5,6
0.071,1.0015,3.16,0.69,9.2,6
0.071,1.0015,3.16,0.69,9.2,6
0.121,0.9978,3.05,0.74,11.5,7
0.107,0.998,3.28,0.83,11.5,5
0.082,1.0002,3.16,0.67,9.7,6
0.061,0.9981,3.18,0.62,9.5,5
0.122,0.998,3.23,0.66,12.5,6
0.122,0.998,3.23,0.66,12.5,6
0.066,0.9973,3.22,0.54,9.4,6
0.105,0.9958,3.13,0.52,11,5
0.078,0.9963,3.34,0.74,11.7,7
0.128,0.9992,3.17,0.84,12.2,7
0.052,0.9948,3.35,0.7,12.5,6
0.08,0.9974,3.31,0.64,10.3,5
0.103,1.0008,3.16,1,11.5,6
0.082,0.9997,3.11,1.36,9.8,7
0.066,1,3.12,1.18,9.2,6
0.065,0.9972,3.21,0.87,11.3,6
0.118,0.9982,3.3,0.75,9.8,6
0.118,0.9982,3.3,0.75,9.8,6
0.082,1.0006,3.12,0.78,10.7,6
0.067,0.9979,3.6,0.81,9.9,5
0.072,0.9955,3.58,0.89,12.3,7
0.093,0.9986,3.02,0.93,12,6
0.089,0.9979,3.11,0.92,10,6
0.093,0.9994,3.36,0.86,9.4,6
0.107,1.0004,3.28,0.98,9.9,6
0.096,0.9994,3.35,0.83,9.4,6
0.09,0.9974,3.27,0.73,9.3,5
0.12,1.0018,3.18,0.77,13,5
0.066,0.9912,3.25,0.59,11.9,6
0.078,0.9955,3.55,0.61,12.8,6
0.08,1.0001,3.26,0.88,11,5
0.116,0.997,3.24,0.75,11.7,7
0.109,1,3.15,0.85,10.4,7
0.088,1.001,3.17,0.68,9.8,6
0.099,0.9973,3.19,0.7,9.4,5
0.086,0.9982,3.37,0.91,9.9,6
0.072,0.9992,3.05,0.56,10,5
0.071,0.9988,2.99,0.87,10.2,5
0.083,1.0022,3.07,0.73,10,7
0.107,0.9979,3.26,0.93,11.8,6
0.083,1.0022,3.07,0.73,10,7
0.076,1,3.16,0.69,9,5
0.159,0.9998,3.18,0.64,9.4,5
0.074,0.9962,3.2,1.13,12,7
0.063,0.9975,3.57,0.78,9.9,5
0.056,0.9967,3.32,0.87,8.7,6
0.067,0.9967,3.32,1.04,10.6,6
0.106,0.9959,3.05,0.63,9.2,5
0.089,1.0014,3.01,0.81,10.8,6
0.124,0.9984,3.01,0.83,11.8,7
0.078,1.0003,3.26,1.11,11,6
0.074,0.9962,3.2,1.13,12,7
0.088,0.9988,3.11,0.99,13.3,6
0.094,0.9979,3.31,0.7,10.8,6
0.08,0.9974,3.21,0.8,9.4,6
0.085,1.0014,3.06,0.8,10,6
0.08,0.9974,3.21,0.8,9.4,6
0.08,0.9974,3.21,0.8,9.4,6
0.087,0.998,3.42,0.74,9.2,5
0.09,0.9979,3.43,0.76,9.7,6
0.088,0.9981,3.41,0.74,9.2,6
0.079,0.9972,3.31,0.54,9.6,6
0.088,0.9981,3.43,0.74,9.2,6
0.096,0.9982,3.19,0.7,10,7
0.045,0.9924,3.56,0.82,12.9,8
0.085,1.0014,3.06,0.8,10,6
0.082,0.998,3.18,0.51,9.5,5
0.112,0.997,3.16,0.54,9.1,5
0.063,0.9997,3.03,0.57,9.9,5
0.066,1.0004,3.22,0.6,13,7
0.122,0.9994,3.47,0.53,9.9,5
0.087,0.9988,3.18,0.65,11,6
0.087,0.9988,3.18,0.65,11,6
0.064,0.9963,3.1,0.55,9.4,5
0.122,0.9994,3.47,0.53,9.9,5
0.059,0.9949,3.29,0.47,10.8,6
0.085,1,3.1,0.61,10.5,6
0.085,0.9994,3.15,0.63,10.5,6
0.075,0.9974,3.26,0.61,9.1,5
0.059,0.9966,3.36,0.76,10.1,6
0.063,0.9981,3.24,0.65,10.8,6
0.093,0.9996,3.18,0.63,10.8,7
0.174,0.997,3.19,0.7,11.3,6
0.07,0.9981,3.05,0.57,9.6,4
0.08,0.9987,3.38,0.62,9.5,6
0.08,0.9987,3.38,0.62,9.5,5
0.1,0.9966,3.27,0.64,9.3,5
0.097,0.9986,3.27,0.82,11.7,7
0.087,0.9982,3.26,0.61,9.5,5
0.117,1.0014,3.32,1.07,9.3,5
0.111,0.997,3.26,0.66,11.7,6
0.091,0.9956,3.44,0.48,10.5,5
0.121,0.9996,3.24,0.76,10.4,6
0.066,0.9976,3.62,0.68,9.9,5
0.089,0.9972,3.28,0.73,11.8,7
0.059,0.9952,3.52,0.56,12.3,7
0.047,0.9955,3.36,0.44,10.9,5
0.066,0.9978,3.15,0.9,11,7
0.047,0.9955,3.36,0.44,10.9,5
0.059,0.9952,3.52,0.56,12.3,7
0.045,0.9949,3.49,0.49,11.4,6
0.077,0.9988,3.26,0.56,10.6,6
0.07,0.9978,3.24,0.6,9.3,5
0.088,0.9997,3.1,0.6,10.4,6
0.066,0.9978,3.15,0.9,11,7
0.074,0.9974,3.25,0.56,9.2,5
0.078,0.9958,3,0.65,12.8,6
0.091,1.0004,3.16,0.49,9.5,5
0.076,0.9996,3.15,0.89,9.9,6
0.091,1.0004,3.16,0.49,9.5,5
0.06,0.9958,3.26,0.56,10.2,6
0.066,0.9986,3.17,0.66,11.2,6
0.076,0.9996,3.15,0.89,9.9,6
0.062,0.9951,3.08,0.6,9.3,5
0.072,0.9987,2.88,0.82,9.8,8
0.068,0.9988,3.06,0.68,11.3,6
0.1,1.0032,2.95,0.68,11.2,7
0.077,0.9963,3.23,0.63,11.6,7
0.054,0.9934,3.57,0.84,12.5,7
0.079,0.9986,3.23,0.56,10.1,6
0.081,0.9996,3.1,0.73,10.5,5
0.127,0.9968,3.22,0.72,11.2,5
0.1,0.9967,3.2,0.56,10.2,6
0.095,0.9994,3.1,0.61,10.8,6
0.095,0.9994,3.1,0.61,10.8,6
0.413,0.9979,3.06,1.06,9.1,6
0.084,0.9968,3.44,0.63,10,6
0.084,0.9998,3.26,0.74,11.2,7
0.063,0.9952,3.5,0.63,11.1,5
0.086,0.9988,3.22,0.69,13.4,8
0.095,0.9986,3.37,0.58,10.3,5
0.097,0.9988,3.28,0.58,9.6,5
0.084,0.9998,3.26,0.74,11.2,7
0.074,1.0008,3.25,0.57,9,3
0.083,0.9976,3.35,0.61,11.3,6
0.087,0.9982,3.26,0.61,9.3,5
0.085,0.997,3.18,0.61,11.8,5
0.098,0.9972,3.08,0.53,9,5
0.084,0.9987,2.98,0.7,9.2,6
0.098,1.0006,3.48,0.91,9.7,5
0.069,0.9982,3.16,0.72,11.5,6
0.065,0.9947,3.32,0.79,14,6
0.09,1,3.17,0.62,9.2,6
0.07,0.9952,3.2,0.58,9.8,5
0.093,0.9996,3.05,0.61,10.6,5
0.081,0.997,3.2,0.71,11.4,6
0.083,0.9995,3.15,0.82,10.4,6
0.062,0.9971,3.26,0.79,10.6,5
0.08,0.9982,3.2,0.89,9.4,6
0.087,0.9988,3.14,0.6,10.2,5
0.091,0.998,3.28,0.7,9.7,5
0.075,0.9977,3.18,1.06,11,6
0.087,0.9988,3.14,0.6,10.2,5
0.077,0.9984,3.19,0.7,10.1,6
0.069,1.0026,3.12,0.66,9.2,5
0.08,0.9964,3.15,0.92,11.7,8
0.152,0.9986,3.04,1.05,9.4,5
0.152,0.9986,3.04,1.06,9.4,5
0.114,0.997,3.06,0.66,13.4,6
0.054,0.9976,3.17,0.47,10,5
0.054,0.9976,3.17,0.47,10,5
0.053,0.9982,3.17,0.42,10,6
0.081,1.0002,3.32,0.92,10.8,7
0.073,0.9984,3.34,0.75,10.2,6
0.078,0.9984,3.31,0.67,10.6,6
0.055,0.9952,3.34,0.79,13.3,7
0.052,0.995,3.32,0.9,13.4,7
0.086,1.0002,3.48,0.74,11.6,6
0.051,0.9952,3.44,0.55,12.1,6
0.07,0.9972,3.15,0.65,11,8
0.081,0.9984,3.43,0.65,9,6
0.09,0.9966,3.32,0.79,11.1,5
0.07,0.9972,3.15,0.65,11,8
0.086,1.0002,3.48,0.74,11.6,6
0.081,0.9984,3.43,0.65,9,6
0.074,0.999,3.17,0.85,12,7
0.074,0.999,3.17,0.85,12,7
0.078,0.9976,3.18,1.04,10.9,7
0.077,0.9976,3.21,1.05,10.8,7
0.072,0.9968,3.16,0.78,12.5,7
0.075,0.9976,3.25,1.02,10.8,7
0.084,1,3.17,0.71,9.5,6
0.09,0.9994,3.18,0.63,10.2,6
0.084,0.9986,3.04,0.68,11.4,7
0.073,0.9978,3.02,0.61,9.5,5
0.09,0.9994,3.18,0.63,10.2,6
0.125,0.998,3.03,0.81,9.7,6
0.107,0.9973,3.09,0.66,11.8,7
0.107,0.9973,3.09,0.66,11.8,7
0.122,1.001,3.31,1.14,9.3,5
0.1,1.001,3.25,0.74,11.9,6
0.2,0.9994,3.16,0.63,8.4,3
0.088,0.9972,3.22,0.68,11.7,6
0.088,0.9966,3.36,0.78,11,5
0.088,0.9982,3.42,0.9,10,6
0.088,0.998,3.48,0.64,9.1,5
0.099,0.9979,3.38,0.99,9.8,5
0.085,0.9978,3.22,0.55,9.4,5
0.086,0.9976,3.23,0.64,9.5,5
0.105,0.9998,3.24,0.67,9.9,5
0.088,0.9966,3.36,0.78,11,5
0.097,0.9962,3.39,0.77,11.4,6
0.084,0.9988,3.34,0.75,8.7,6
0.077,0.9974,3.09,0.57,9.4,5
0.078,0.999,3.41,0.87,10.3,6
0.098,1.0004,3.16,0.61,10.3,5
0.098,1.0004,3.16,0.61,10.3,5
0.072,0.9956,3.22,0.66,12.8,6
0.102,1,3.28,0.56,10,6
0.078,0.999,3.41,0.87,10.3,6
0.077,0.9974,3.09,0.57,9.4,5
0.084,0.9972,3.37,0.77,10.7,6
0.066,1.0014,3.2,0.66,12,7
0.1,0.9996,3.22,0.62,11.2,5
0.101,0.9988,3.26,0.67,9.6,5
0.064,0.9988,3.21,0.73,11,6
0.07,0.9966,3.12,0.59,9.9,5
0.085,0.9993,3.06,0.72,11,6
0.075,1.0008,2.86,0.79,8.4,6
0.094,0.9982,3.08,0.59,9.1,5
0.078,0.9983,3.45,0.78,9.5,6
0.067,0.9987,3.26,0.86,10.7,6
0.079,0.9994,3.12,0.75,10.4,6
0.171,0.9975,3.27,0.61,9.4,6
0.074,0.9958,3.33,0.56,9.5,6
0.092,0.998,3.19,0.73,10,6
0.092,0.998,3.12,0.74,10,6
0.05,0.9934,3.74,0.62,11.5,5
0.095,1.00315,2.92,0.74,11.1,5
0.095,1.00315,2.92,0.74,11.1,5
0.118,1.0002,3.07,0.56,11.7,6
0.095,1.00315,2.92,0.74,11.1,5
0.118,1.0002,3.07,0.56,11.7,6
0.085,1.0021,3.3,0.68,12.7,6
0.075,0.9994,3.14,0.57,11.4,5
0.078,0.9978,3.23,0.58,9.2,5
0.094,0.9982,3.08,0.61,9.2,5
0.092,0.9971,3.31,0.61,10.1,6
0.085,1.0021,3.3,0.68,12.7,6
0.075,0.9994,3.14,0.57,11.4,5
0.226,0.9991,3.32,0.6,9,6
0.226,0.9991,3.32,0.6,9,6
0.25,0.999,3.31,0.79,10.7,6
0.095,0.9946,3.57,0.57,11.7,6
0.07,1.0003,3.32,0.91,11,6
0.095,0.9946,3.57,0.57,11.7,6
0.075,0.9978,3.14,0.61,10.4,5
0.07,0.9991,3.3,0.56,9.6,4
0.078,0.9992,3.19,0.7,10,6
0.079,0.9993,3.2,0.8,10.2,6
0.103,0.9978,3.34,0.52,10,4
0.083,0.9982,3.3,0.6,9.5,5
0.085,0.9982,3.29,0.6,9.8,5
0.063,0.9976,3.14,0.51,9.8,6
0.089,1.0002,3.19,0.44,9.6,5
0.089,1.0002,3.19,0.44,9.6,5
0.083,1,3.19,0.43,9.2,5
0.074,0.9976,2.98,0.66,9.9,7
0.093,1.0002,3.3,0.76,10.7,7
0.091,0.998,3.47,0.66,9.6,6
0.094,0.9986,3.12,1.02,10.6,7
0.108,0.9967,3.26,0.59,9.3,5
0.06,0.9917,3.72,0.74,14,8
0.059,0.9976,3.05,0.74,10.5,7
0.084,0.9987,3.35,0.57,9.7,5
0.07,0.9922,3.12,0.5,11.5,6
0.084,0.9987,3.35,0.57,9.7,5
0.094,1.0004,3.29,0.58,9,5
0.096,0.9978,3.4,0.53,9.5,5
0.086,0.9998,3.27,0.57,9.3,5
0.059,0.9994,3.04,0.6,9.3,6
0.071,0.998,3.09,0.63,10,6
0.078,0.9967,3.2,0.48,9.8,6
0.082,1,3,0.7,9.3,6
0.088,0.9962,3.26,0.47,10,4
0.071,1.0006,3.1,0.56,9,6
0.081,0.9975,3.3,0.52,9.3,5
0.071,1.0006,3.1,0.56,9,6
0.096,0.9984,3.17,0.62,9.1,6
0.085,0.9984,3.31,0.59,9.2,6
0.072,0.9973,3.34,0.79,12.2,7
0.092,0.9982,3.31,0.53,10.5,6
0.11,1.0026,3.32,0.64,10.4,6
0.075,0.9956,3.56,0.52,12.7,6
0.083,0.9983,3.39,0.54,9.2,5
0.081,1.0006,2.98,0.54,9.4,5
0.077,0.9965,3.32,0.6,10,6
0.058,0.9962,3.26,0.74,9.8,5
0.148,0.9969,2.87,1.36,10.2,6
0.079,0.9997,3.5,0.57,9.7,5
0.079,0.9997,3.5,0.57,9.7,5
0.079,0.9982,3.03,0.93,9.8,6
0.122,1.0006,3.13,0.7,10.2,5
0.088,0.9988,3.09,0.8,9.3,5
0.076,0.9976,3.27,0.61,9.4,5
0.078,0.9976,3.28,0.62,9.4,5
0.08,0.9974,3.13,0.55,9.5,5
0.077,0.9974,3.49,0.96,12.1,6
0.124,0.9997,3.46,0.72,10.2,5
0.124,0.9997,3.46,0.72,10.2,5
0.098,0.9988,3.36,0.49,9.1,5
0.098,0.9988,3.36,0.49,9.1,5
0.097,0.9976,3.27,0.6,9.3,6
0.111,0.9964,3.21,0.61,9.3,5
0.097,0.9976,3.27,0.6,9.3,6
0.105,0.9988,3.25,0.63,9.5,5
0.087,0.9964,3.32,0.57,10.5,6
0.105,1.001,3.43,0.64,11.3,4
0.073,0.9964,3.27,0.58,9.5,5
0.065,0.9954,3.27,0.55,9.7,5
0.086,0.9979,3.24,0.53,9.4,5
0.084,0.9978,3.24,0.53,9.4,5
0.143,0.9964,3.35,0.65,10.2,7
0.067,0.997,3.18,1.36,10.3,6
0.071,0.9991,3.39,0.62,9.4,5
0.071,0.9992,3.46,0.63,9.5,5
0.071,0.9991,3.39,0.62,9.4,5
0.071,0.9992,3.46,0.63,9.5,5
0.071,0.9991,3.39,0.62,9.4,5
0.115,0.9984,3.37,0.69,10.1,7
0.107,0.9972,3.4,0.63,10.1,5
0.07,0.9967,3.32,0.58,11,4
0.066,0.9964,3.33,0.67,11.2,7
0.068,0.9948,3.16,0.57,11.3,6
0.106,0.9986,2.89,0.5,9.6,5
0.104,1.001,3.41,0.67,11.2,5
0.096,0.9976,2.98,0.84,14.9,5
0.079,0.9976,3.12,0.54,12,6
0.074,0.9979,3.08,0.46,9.5,5
0.087,1.0004,3.14,0.61,9.4,5
0.106,0.9986,2.89,0.5,9.6,5
0.073,0.998,2.92,0.68,10.5,7
0.074,0.9973,3.32,0.81,9.6,6
0.096,0.997,3.41,0.57,11,4
0.074,0.9973,3.32,0.81,9.6,6
0.08,0.9978,3.31,0.64,9,5
0.076,0.9972,3.36,0.7,9.6,6
0.05,0.9974,3.04,0.79,10.2,6
0.092,1,3.03,0.66,10.2,5
0.084,0.9981,3.14,0.56,9.7,5
0.222,0.998,3.18,0.6,9.5,6
0.082,0.9988,2.94,0.66,9.2,6
0.059,0.9966,3.15,0.57,11,5
0.082,0.9988,2.94,0.66,9.2,6
0.083,0.9959,3.26,0.58,10,5
0.074,0.9968,3.2,0.52,9.5,5
0.079,0.998,3.15,0.53,9.5,5
0.074,0.9968,3.2,0.52,9.5,5
0.084,0.9984,3.08,0.67,9.3,6
0.064,0.9984,3.26,0.65,10.2,5
0.084,0.9984,3.08,0.67,9.3,6
0.084,0.9979,3.4,0.48,9.9,5
0.081,0.9983,3.48,0.53,10,5
0.06,0.9972,3.13,0.54,9.6,5
0.07,1.0004,3.06,0.49,9,5
0.094,0.9962,3.21,0.49,10.2,6
0.078,0.998,3.33,0.54,9.8,5
0.059,0.997,3.37,0.56,11.3,5
0.078,0.998,3.25,0.48,9.4,5
0.059,0.997,3.37,0.56,11.3,5
0.07,0.997,3.44,0.6,9.1,5
0.095,0.9998,3.28,0.59,9.7,5
0.039,0.9962,3.4,0.47,9.4,5
0.157,0.9976,3.3,1.05,9.4,5
0.097,0.9966,3.63,0.54,10.7,3
0.087,0.9998,3.48,0.54,9.8,5
0.422,0.9979,3.03,1.17,9,5
0.084,0.9984,3.32,0.62,9.4,5
0.084,0.9984,3.31,0.61,9.4,5
0.034,0.9921,3.9,0.62,12.8,6
0.066,0.9972,3.47,0.67,9.5,6
0.066,0.9972,3.47,0.67,9.5,6
0.087,1.0001,3.31,0.53,9.7,5
0.071,0.9986,3.11,0.62,10.8,6
0.076,0.9984,3.08,0.57,10.1,6
0.066,0.9972,3.47,0.67,9.5,6
0.067,0.997,3.47,0.67,9.4,6
0.073,0.9972,3.32,0.7,9.6,4
0.078,0.998,3.29,0.54,9.7,4
0.073,0.999,3.37,0.49,9.9,5
0.093,0.9956,3.4,0.47,10,5
0.077,0.9966,3.37,0.51,10.5,5
0.068,0.996,3.34,0.61,11.6,6
0.062,0.9983,3.27,0.66,10,6
0.08,0.9985,3.06,0.57,10.1,5
0.093,0.9998,3.38,0.61,9.5,5
0.084,0.9992,3.36,0.45,9.4,5
0.075,0.9976,3.34,0.46,9.4,5
0.078,0.998,3.28,0.51,9.8,5
0.069,0.9967,3.29,0.48,9.2,6
0.075,0.9976,3.34,0.46,9.4,5
0.079,0.9968,3.21,0.57,10,5
0.082,0.9976,3.22,0.44,9.6,5
0.086,0.9976,3.46,0.54,9.5,5
0.082,0.9976,3.22,0.44,9.6,5
0.094,0.9982,3.1,0.53,9.2,5
0.084,0.9968,3.21,0.59,10,5
0.053,0.9965,2.94,1.62,9.5,5
0.086,0.9958,3.54,0.6,11.2,4
0.077,0.9976,3.29,0.55,10.4,5
0.084,0.9994,3.43,0.72,11.1,6
0.067,0.997,3.46,0.68,9.5,5
0.067,0.997,3.46,0.68,9.5,5
0.071,0.995,3.61,0.49,12.7,6
0.387,0.9982,3.17,0.67,9.6,5
0.088,0.9994,3.44,0.52,11.5,5
0.092,0.9966,3.39,0.47,9.6,5
0.082,0.998,3.55,0.6,9.5,5
0.075,0.9987,3.48,0.62,9.3,5
0.112,0.9963,3.26,0.5,9.5,5
0.112,0.9963,3.26,0.5,9.5,5
0.093,1.0002,3.5,0.65,9.3,6
0.092,0.9983,3.1,0.56,9.2,5
0.088,0.999,3.35,0.6,9.3,5
0.075,0.9965,3.45,0.68,11.5,6
0.078,0.99788,3.21,0.57,9.5,5
0.065,0.9972,3.46,0.65,9.2,5
0.096,1.00024,3.13,0.53,10,5
0.095,1.0001,3.13,0.51,9.5,5
0.07,0.99768,3.52,0.73,9.5,6
0.08,0.9978,3.3,0.47,9,6
0.083,0.99782,3.3,0.48,9.4,5
0.071,0.99761,3.52,0.72,9.6,6
0.07,0.99768,3.52,0.73,9.5,6
0.089,0.99803,3.29,0.55,9.5,5
0.089,0.99803,3.29,0.55,9.5,5
0.097,0.99785,3.39,0.61,9.4,5
0.089,0.99803,3.29,0.55,9.5,5
0.415,0.99656,3.09,1.06,9.1,6
0.058,0.99525,3.51,0.43,10.7,6
0.057,0.99488,3.6,0.46,11.2,6
0.084,0.99656,3.25,0.5,9.8,5
0.084,0.99656,3.25,0.5,9.8,5
0.092,0.99823,3.19,0.52,9.2,5
0.075,0.99779,3.23,0.57,9.7,5
0.096,0.99738,3.25,0.42,9.6,5
0.069,0.99701,3.31,0.53,10,6
0.096,0.99738,3.25,0.42,9.6,5
0.093,0.99888,3.31,0.55,9.5,6
0.091,0.99888,3.31,0.54,9.5,6
0.089,0.99738,3.14,0.54,9.4,5
0.103,0.99938,3.45,0.62,9.5,5
0.082,0.99744,3.55,0.53,9.7,6
0.076,0.99668,3.39,0.54,9.6,5
0.082,0.99744,3.55,0.53,9.7,6
0.082,0.9978,3.28,0.55,9.4,5
0.082,0.99782,3.27,0.55,9.4,5
0.157,0.9973,3.3,0.92,9.5,6
0.157,0.99727,3.31,0.91,9.5,6
0.102,0.99586,3.43,0.46,10,5
0.243,0.99612,3.4,0.6,10.3,6
0.241,0.9961,3.4,0.59,10.3,6
0.079,0.99788,3.36,0.61,10.5,5
0.076,0.99745,3.5,0.6,9.8,5
0.19,0.99676,3.31,0.6,9.4,6
0.114,0.99732,3.66,0.65,9.8,5
0.081,0.99814,3.36,0.53,10,5
0.114,0.99732,3.66,0.65,9.8,5
0.077,0.99746,3.55,0.59,9.8,5
0.083,0.9982,3.21,0.5,9.5,5
0.083,0.9982,3.21,0.5,9.5,5
0.079,0.9991,3.18,0.56,10.1,6
0.079,0.9991,3.18,0.56,10.1,6
0.099,0.998,3.09,0.52,9.3,5
0.082,0.99708,3.33,0.68,9.7,6
0.084,0.99818,3.23,0.54,9.6,5
0.081,0.99745,3.48,0.6,9.7,6
0.055,0.99639,3.38,0.56,10.8,5
0.065,0.99531,3.17,0.53,12.5,6
0.132,0.99786,2.99,1.18,10.2,5
0.126,0.99746,3.1,0.74,9.6,5
0.038,0.99526,3.24,0.81,10.8,7
0.082,0.9987,3.29,0.52,10.7,6
0.082,0.9987,3.29,0.52,10.7,6
0.082,0.99641,3.25,0.51,9.4,5
0.068,0.99735,3.23,0.44,10,5
0.044,0.99264,3.56,0.94,12.9,7
0.114,0.9971,3.24,0.66,9.6,6
0.084,0.99682,3.26,0.57,9.9,6
0.052,0.99356,3.33,0.7,12.8,7
0.041,0.99386,3.27,0.71,12.5,7
0.052,0.99356,3.33,0.7,12.8,7
0.165,0.99702,3.26,0.86,9.2,5
0.07,0.99693,3.22,0.55,10.3,6
0.068,0.99562,3.3,0.47,10.5,5
0.072,1.00012,3.09,0.68,10.9,6
0.099,0.99818,3.24,0.71,10.8,5
0.102,0.99462,3.44,0.58,11.4,4
0.103,0.99939,3.21,0.76,11.3,6
0.099,0.99818,3.24,0.71,10.8,5
0.081,0.9984,3.23,0.58,10.5,6
0.084,0.99545,3.28,0.73,11.9,6
0.071,0.99632,3.29,0.45,9.4,5
0.097,0.99976,3.28,0.54,9.6,5
0.099,0.99606,3.34,0.6,9.7,5
0.048,0.99154,3.71,0.74,14,7
0.076,0.9973,3.61,0.64,9.8,5
0.076,0.9973,3.61,0.64,9.8,5
0.068,0.99682,3.24,0.53,10.3,5
0.076,0.99624,3.36,0.49,10.7,5
0.05,0.9951,3.4,0.64,11,7
0.076,0.99624,3.36,0.49,10.7,5
0.065,0.99417,3.46,0.74,12.7,8
0.071,0.99376,3.56,0.77,11.1,6
0.058,0.99632,3.38,0.55,10.9,4
0.071,0.99376,3.56,0.77,11.1,6
0.145,0.99832,3.38,0.86,9.9,3
0.147,0.99836,3.38,0.86,9.9,4
0.088,0.99694,3.32,0.47,9.4,5
0.066,0.99655,3.39,0.51,9.3,5
0.012,0.99064,3.26,0.39,11.7,7
0.012,0.99064,3.26,0.39,11.7,7
0.075,0.99672,3.24,0.83,11.2,7
0.092,0.99647,3.46,0.47,10,5
0.085,0.99736,3.24,0.77,12.1,7
0.115,0.99629,3.45,0.63,10.3,5
0.119,0.99708,3.23,0.72,10.9,6
0.088,0.9963,3.28,0.62,9.4,5
0.062,0.9959,3.18,0.83,10.6,6
0.081,0.99689,3.59,0.66,9.8,5
0.081,0.99689,3.59,0.66,9.8,5
0.078,0.9977,3.5,0.7,9.9,6
0.081,0.99689,3.59,0.66,9.8,5
0.08,0.99689,3.58,0.66,9.8,5
0.085,0.99708,3.28,0.55,9.5,5
0.085,0.99708,3.28,0.55,9.5,5
0.08,0.99801,3.22,1.07,9.7,5
0.08,0.99652,3.47,0.73,10.9,6
0.08,0.99652,3.47,0.73,10.9,6
0.071,0.99538,3.51,0.71,11.7,7
0.08,0.99652,3.47,0.73,10.9,6
0.073,0.99594,3.4,0.78,11.3,7
0.054,0.99686,3.15,0.67,10.6,7
0.074,0.99438,3.4,0.82,11.2,6
0.077,0.99746,3.51,0.54,9.5,5
0.039,0.99357,3.66,0.6,11.5,6
0.067,0.99628,3.24,0.44,10.4,5
0.078,0.99746,3.51,0.53,9.7,5
0.077,0.99746,3.51,0.54,9.5,5
0.077,0.99748,3.51,0.54,9.7,5
0.071,0.99438,3.41,0.83,11.3,6
0.072,0.99438,3.4,0.84,11.2,6
0.074,0.99438,3.4,0.82,11.2,6
0.08,0.99578,3.44,0.64,10.9,6
0.064,0.99371,3.41,0.57,11.8,6
0.086,0.99522,3.53,0.57,10.6,5
0.067,0.99576,3.43,0.54,10,4
0.067,0.99552,3.23,0.58,11.1,7
0.104,0.99664,3.12,0.65,11.8,7
0.109,0.99614,3.31,0.79,11.8,7
0.067,0.99517,3.4,0.58,10.9,4
0.064,0.99371,3.41,0.57,11.8,6
0.094,0.99787,3.22,0.5,10,6
0.076,0.99745,3.53,0.55,9.5,5
0.078,0.99576,3.15,0.49,9.9,5
0.068,0.99533,3.48,0.65,11.4,6
0.194,0.99536,3.22,0.78,12,6
0.076,0.99745,3.53,0.55,9.5,5
0.094,0.99787,3.22,0.5,10,6
0.086,0.99824,3.34,0.64,10.5,5
0.083,0.99836,3.33,0.65,10.4,6
0.066,0.99577,3.15,0.79,12.1,7
0.072,0.99491,3.43,0.56,11.2,6
0.112,1.00289,3.22,0.68,9.3,5
0.071,0.99576,3.44,0.58,10.1,5
0.078,0.99743,3.53,0.57,9.7,5
0.082,0.99774,3.22,0.65,9.3,6
0.078,0.99743,3.53,0.57,9.7,5
0.08,0.99745,3.53,0.58,9.8,6
0.08,0.9955,3.42,0.58,10.7,6
0.078,0.99444,3.31,0.77,12.5,7
0.08,0.9955,3.42,0.58,10.7,6
0.078,0.99444,3.31,0.77,12.5,7
0.084,0.99892,3.48,0.49,11,3
0.056,0.99562,3.4,0.69,11.8,5
0.08,0.99736,3.58,0.69,10.8,7
0.08,0.99736,3.58,0.69,10.8,7
0.06,0.9962,3.41,0.59,10.8,7
0.06,0.9962,3.41,0.59,10.8,7
0.081,0.998,3.23,0.59,9.5,5
0.084,0.9964,3.39,0.71,11,5
0.079,0.9948,3.59,0.54,11.5,6
0.078,0.99528,3.43,0.59,10.8,6
0.059,0.99331,3.29,0.52,11.5,6
0.132,0.99577,3.23,0.57,13.2,6
0.114,0.99901,3.18,0.6,10.9,6
0.065,0.99674,3.33,0.62,12.2,6
0.094,0.99639,3.27,0.64,12.2,7
0.059,0.99331,3.29,0.52,11.5,6
0.079,0.99512,3.27,0.67,11.9,6
0.161,0.99395,3.62,0.61,11,5
0.084,0.99824,3.38,0.64,10.1,6
0.081,0.9964,3.3,0.72,11,6
0.072,0.99504,3.38,0.89,11.8,6
0.091,0.99786,3.24,0.56,10.5,5
0.081,0.9964,3.3,0.72,11,6
0.072,0.99504,3.38,0.89,11.8,6
0.084,0.99824,3.38,0.64,10.1,6
0.055,0.99516,3.18,0.8,11.2,5
0.064,0.99604,3.47,0.87,11,7
0.061,0.99786,3.47,0.9,10.2,6
0.093,0.99736,3.2,0.59,9.2,4
0.055,0.99516,3.18,0.8,11.2,5
0.063,0.99468,3.3,0.73,12,7
0.08,0.99746,3.69,0.73,10.5,5
0.074,0.99748,3.48,0.65,9.8,5
0.078,0.9971,3.45,0.59,9.5,6
0.074,0.99748,3.48,0.65,9.8,5
0.08,0.99746,3.69,0.73,10.5,5
0.06,0.99543,3.39,0.72,11.8,6
0.06,0.99543,3.39,0.72,11.8,6
0.071,0.99791,3.07,0.6,10.4,4
0.068,0.99356,3.34,0.72,12.9,7
0.073,0.99425,3.61,0.54,11.4,5
0.074,0.99509,3.36,0.76,12.4,7
0.082,0.99484,3.19,0.52,12.5,7
0.092,0.99834,3.22,0.64,10,7
0.094,0.99864,3.24,0.6,9.7,7
0.09,0.99498,3.27,0.64,12.1,7
0.071,0.99566,3.14,0.79,11.1,7
0.092,0.99745,3.29,0.99,12,7
0.093,0.99408,3.26,0.62,12.4,7
0.075,0.99552,3.41,0.76,11.9,7
0.075,0.99552,3.41,0.76,11.9,7
0.075,0.99552,3.41,0.76,11.9,7
0.093,0.99408,3.26,0.62,12.4,7
0.058,0.99536,3.31,0.68,11.2,7
0.052,0.99458,3.2,0.69,12.1,7
0.082,0.99538,3.44,0.54,12.2,6
0.09,0.99648,3.36,0.67,10.4,5
0.111,0.99568,3.31,0.62,11.3,6
0.088,0.99613,3.29,0.58,11.1,6
0.12,0.99519,3.47,0.71,11.3,7
0.089,0.99735,3.36,0.61,10,5
0.058,0.99518,3.16,0.85,11.1,6
0.078,0.99592,3.27,0.62,9.3,5
0.115,0.99654,3.38,0.69,9.5,5
0.1,0.99546,3.15,0.69,11.2,6
0.058,0.99518,3.16,0.85,11.1,6
0.065,0.99554,3.34,0.86,11,6
0.103,0.99604,3.13,0.58,11.9,7
0.097,0.99733,3.13,0.48,9.2,5
0.068,0.9943,3.2,0.6,12.2,6
0.079,0.99669,3.46,0.61,10.2,5
0.066,0.99724,3.33,0.87,10.9,6
0.066,0.99724,3.33,0.87,10.9,6
0.104,0.99643,3.22,0.65,11.6,7
0.079,0.99605,3.52,0.63,10.7,5
0.073,0.99658,3.3,0.62,12.1,7
0.083,0.997,3.44,0.52,9.4,5
0.083,0.997,3.44,0.52,9.4,5
0.109,0.99801,3.15,0.5,9.1,5
0.061,0.99416,3.28,0.49,11.3,7
0.075,0.9969,3.13,0.63,10.4,5
0.065,0.99774,3.32,0.71,10.5,6
0.079,0.99712,3.25,0.62,10,5
0.07,0.99418,3.34,0.82,12.9,6
0.065,0.99774,3.32,0.71,10.5,6
0.075,0.9969,3.13,0.63,10.4,5
0.064,0.99562,3.45,0.58,11.3,6
0.066,0.9947,3.19,0.55,11.4,7
0.08,0.99693,3.44,0.5,9.4,5
0.097,0.99596,3.16,0.49,9.4,5
0.073,0.99556,3.14,0.51,10.9,6
0.097,0.99596,3.16,0.49,9.4,5
0.082,0.99694,3.45,0.48,9.4,5
0.076,0.99554,3.36,0.48,9.4,6
0.082,0.99694,3.45,0.48,9.4,5
0.092,0.99918,3.15,0.43,9.4,5
0.079,0.99697,3.39,0.62,10.1,6
0.087,0.99378,3.71,0.63,12.8,7
0.087,0.99378,3.71,0.63,12.8,7
0.05,0.99554,3.12,0.48,9.1,6
0.055,0.99162,3.47,0.53,12.9,6
0.062,0.99495,3.44,0.72,11.5,7
0.058,0.99676,3.26,0.82,10.6,7
0.063,0.99516,3.26,0.84,11.7,7
0.067,0.9928,3.36,0.55,12.8,7
0.081,0.99603,3.25,0.54,10.3,5
0.067,0.9928,3.36,0.55,12.8,7
0.063,0.99516,3.26,0.84,11.7,7
0.064,0.99516,3.26,0.84,11.7,7
0.11,0.99549,3.23,0.7,12,7
0.116,0.99722,3.18,0.68,10.9,5
0.067,0.99354,3.25,0.55,12.3,7
0.088,0.9957,3.17,0.55,10.4,6
0.102,0.99604,3.23,0.48,10,5
0.092,0.99635,3.38,0.58,10,6
0.12,0.99454,3.22,0.58,11.2,6
0.075,0.99598,3.06,0.84,11.4,6
0.068,0.99486,3.27,0.75,12.6,7
0.049,0.99007,2.89,0.44,12.7,6
0.049,0.99007,2.89,0.44,12.7,6
0.078,0.99636,3.53,0.61,10.4,5
0.123,0.99642,3.2,0.53,11.9,6
0.123,0.99642,3.2,0.53,11.9,6
0.062,0.99584,3.35,0.54,10.5,5
0.098,0.99506,3.27,0.55,12.3,6
0.088,0.99568,3.32,0.56,10.5,7
0.095,0.99822,3.33,0.6,10.4,6
0.066,0.99364,3.41,0.56,12.6,6
0.065,0.99378,3.49,0.52,11.6,5
0.075,0.99586,3.37,0.54,10.1,6
0.088,0.99568,3.32,0.56,10.5,7
0.091,0.99488,3.42,0.55,11.5,7
0.093,0.99514,3.35,0.58,11,7
0.095,0.99854,3.36,0.53,9.6,5
0.089,0.99592,3.3,0.59,10.4,6
0.077,0.99739,3.2,0.47,9.7,6
0.085,0.99683,3.17,0.65,10.6,7
0.082,0.99356,3.22,0.59,12.5,7
0.074,0.99672,3.35,0.56,9.2,5
0.078,0.9953,3.24,0.77,12.6,7
0.088,0.99692,3.33,0.83,11.1,6
0.088,0.99756,3.58,0.67,10.2,5
0.079,0.99547,3.38,0.64,9.8,6
0.088,0.99692,3.33,0.83,11.1,6
0.069,0.99859,3.29,0.81,10.9,7
0.046,0.99294,3.36,0.62,12.2,6
0.07,0.99438,3.32,0.58,11.4,6
0.076,0.99612,3.31,0.62,10.7,6
0.082,0.99634,3.49,0.64,10.4,5
0.081,0.99702,3.27,0.78,10.9,6
0.084,0.99704,3.27,0.77,10.8,6
0.082,0.99634,3.49,0.64,10.4,5
0.414,0.99702,3.03,1.34,9.2,5
0.073,0.99258,3.56,0.55,12.9,5
0.07,0.99426,3.38,0.77,12.7,7
0.095,0.99747,3.13,0.62,9.1,6
0.095,0.99747,3.13,0.62,9.1,6
0.101,0.99586,3.21,0.59,12.1,7
0.104,0.99784,3.15,0.57,9.1,5
0.093,0.9971,3.19,0.76,11.6,7
0.101,0.99586,3.21,0.59,12.1,7
0.074,0.9981,3.14,0.7,9.9,6
0.071,0.99462,3.21,0.69,12.5,8
0.098,0.9956,3.3,0.64,11.4,6
0.075,0.99565,3.22,0.63,11.8,6
0.067,0.99418,3.28,0.57,11.8,6
0.083,0.9963,3.29,0.6,10.2,6
0.07,0.99358,3.4,0.72,12.5,7
0.06,0.99572,3.02,0.83,10.9,7
0.06,0.99572,3.02,0.83,10.9,7
0.086,0.997,3.31,0.62,10.8,5
0.057,0.99498,3.18,0.89,11.1,7
0.098,0.99892,3.2,0.58,9.2,5
0.083,0.9968,3.4,0.58,9.5,6
0.088,0.9972,3.31,0.58,10.7,6
0.098,0.99892,3.2,0.58,9.2,5
0.071,0.99769,3.44,0.86,10.2,7
0.073,0.99534,3.15,0.73,11.4,6
0.08,0.99817,3.27,0.58,11,5
0.08,0.99817,3.27,0.58,11,5
0.05,0.99316,3.01,0.51,12.3,7
0.047,0.99471,3.16,0.51,11.8,6
0.05,0.99316,3.01,0.51,12.3,7
0.073,0.99685,3.42,0.59,9.5,6
0.072,0.99617,3.33,0.77,12,6
0.073,0.99685,3.42,0.59,9.5,6
0.074,0.99529,3.12,0.49,9.6,5
0.055,0.99738,3.38,0.66,11.6,7
0.057,0.994,3.29,0.69,11.2,6
0.095,0.99735,3.02,0.76,9.9,7
0.095,0.99735,3.02,0.76,9.9,7
0.083,0.99451,2.98,0.63,11.8,8
0.086,0.99546,3.35,0.6,11.4,6
0.081,0.99479,3.43,0.59,11.5,6
0.079,0.99615,3.33,0.86,12,7
0.117,0.99655,3.35,0.49,10.8,6
0.087,0.99772,3.15,0.5,10.5,5
0.117,0.99655,3.35,0.49,10.8,6
0.096,0.99666,3.2,0.52,9.4,5
0.216,0.99358,3.15,0.81,12.5,7
0.096,0.99666,3.2,0.52,9.4,5
0.072,0.99392,3.11,0.78,12.4,6
0.071,0.99388,3.35,0.63,12,6
0.078,0.99402,3.45,0.54,11.2,6
0.071,0.99388,3.35,0.63,12,6
0.073,0.9936,3.28,0.66,12.4,6
0.048,0.99374,3.41,0.6,12.8,5
0.069,0.99376,3.21,0.54,12.3,6
0.068,0.99523,3.27,0.85,11.7,7
0.09,0.99855,3.36,0.49,9.5,5
0.171,0.9982,3.17,0.76,10.8,6
0.07,0.99593,3.25,0.64,10,6
0.092,0.99471,3.78,0.64,12.3,7
0.056,0.99396,3.29,0.71,11,6
0.074,0.99698,3.12,0.59,9.5,6
0.046,0.9902,3.49,0.66,13.6,6
0.091,0.99572,3.38,0.6,11.3,6
0.091,0.99572,3.38,0.6,11.3,6
0.091,0.99572,3.38,0.6,11.3,6
0.065,0.99252,3.3,0.53,13.3,6
0.066,0.99256,3.52,0.58,12.9,5
0.076,0.99235,3.2,0.72,13.1,8
0.062,0.99352,3.44,0.55,12.3,6
0.055,0.9922,3.45,0.48,12.3,6
0.081,0.99674,3.12,0.65,11.2,6
0.096,0.99557,3.62,0.62,11.5,4
0.055,0.99394,3.14,0.59,11.3,7
0.063,0.9915,3.39,0.54,13.5,6
0.072,0.99379,3.51,0.6,11.5,6
0.095,0.9984,3.22,0.68,10,5
0.092,0.99798,3.21,0.69,10.5,6
0.058,0.9977,3.18,0.63,10.4,6
0.045,0.99341,3.32,0.44,9.5,5
0.075,0.9933,3.38,0.88,13.6,7
0.089,0.99684,3.37,0.68,11.2,7
0.061,0.99524,3.3,0.74,11.8,7
0.067,0.9946,3.38,0.6,11.9,6
0.08,0.99774,3.22,0.76,11.4,6
0.08,0.99774,3.22,0.76,11.4,6
0.104,0.99786,3.14,0.58,9.1,5
0.079,0.99764,3.34,0.64,9.5,6
0.08,0.9969,3.41,0.65,9.5,6
0.08,0.99624,3.27,0.85,11,6
0.043,0.99354,3.3,0.65,11.4,6
0.065,0.99672,3.61,0.82,10,6
0.066,0.99588,3.43,0.62,10.1,5
0.076,0.99672,3.53,0.81,10.4,6
0.178,0.996,3.28,0.87,9.8,6
0.071,0.99702,3.21,0.49,11.8,7
0.086,0.99526,3.39,0.66,11.6,6
0.061,0.99585,3.23,0.52,12,6
0.067,0.99473,3.3,0.76,12.8,7
0.044,0.99352,3.46,0.65,12.5,6
0.118,0.99616,3.15,0.53,9.8,5
0.083,0.99622,3.23,0.66,11.1,6
0.1,0.99544,3.59,0.68,11.4,6
0.118,0.99616,3.15,0.53,9.8,5
0.071,0.99524,3.33,0.76,11.8,7
0.042,0.9924,3.46,0.87,12.9,7
0.076,0.99572,3.42,1.16,10.6,6
0.11,0.99728,3.16,0.67,10.8,5
0.087,0.99676,3.14,0.72,11.1,7
0.076,0.99551,3.21,0.75,10.2,6
0.075,0.99434,3.14,0.71,11.8,7
0.078,0.99692,3.29,0.67,10,5
0.078,0.99692,3.29,0.67,10,5
0.369,0.99634,3.01,1.1,9.4,5
0.111,0.99709,2.94,0.98,10.2,5
0.074,0.99528,3.32,0.88,12.4,7
0.067,0.99384,3.21,0.56,12,6
0.086,0.99502,3.32,0.62,11.5,6
0.062,0.99667,3.2,0.67,10.5,6
0.078,0.99522,3.42,0.68,10.8,6
0.074,0.99649,3.27,0.74,12.3,6
0.079,0.99716,3.46,0.62,9.5,6
0.079,0.99716,3.46,0.62,9.5,6
0.095,0.99541,3.61,0.7,11.5,6
0.079,0.99572,3.58,0.5,11.2,4
0.052,0.99318,3.35,0.66,12.7,7
0.041,0.99346,3.68,0.73,11.4,5
0.076,0.99599,3.27,0.81,11,6
0.076,0.99599,3.27,0.81,11,6
0.068,0.99478,3.19,0.46,11.4,5
0.068,0.99754,3.38,0.86,10.5,6
0.07,0.99572,3.29,0.6,9.3,5
0.08,0.99538,3.36,0.7,10.9,5
0.085,0.99346,3.33,0.46,11.9,6
0.079,0.9963,3.52,0.5,12.2,5
0.085,0.99346,3.33,0.46,11.9,6
0.08,0.99538,3.36,0.7,10.9,5
0.075,0.99616,3.3,0.44,9.6,4
0.08,0.99652,3.28,0.57,12.5,6
0.166,0.99551,3.56,0.51,10.8,5
0.063,0.99439,3.52,0.8,12.4,7
0.166,0.99551,3.56,0.51,10.8,5
0.114,0.99588,3.22,0.59,9.5,6
0.078,0.99633,3.52,0.6,9.5,6
0.076,0.99686,3.21,0.58,9.5,6
0.069,0.99458,3.16,0.54,9.8,6
0.052,0.9951,3.15,0.79,10.9,6
0.076,0.99686,3.21,0.58,9.5,6
0.069,0.99458,3.16,0.54,9.8,6
0.065,0.99419,3.27,0.54,11.2,7
0.068,0.99516,3.35,0.69,11.7,8
0.111,0.99878,3.14,0.55,9.4,5
0.074,0.99534,3.4,0.85,11,7
0.074,0.99534,3.4,0.85,11,7
0.074,0.99534,3.4,0.85,11,7
0.136,0.99752,3.35,0.94,10,5
0.074,0.99534,3.4,0.85,11,7
0.071,0.99428,3.45,0.87,11.2,7
0.078,0.99498,3.35,0.62,10.4,6
0.076,0.9957,3.32,0.62,9.3,5
0.078,0.99498,3.35,0.62,10.4,6
0.071,0.99659,3.15,0.75,10.5,6
0.081,0.99628,3.1,0.48,10.4,6
0.095,0.99488,3.26,0.56,11.3,6
0.079,0.99677,3.29,0.69,9.5,6
0.057,0.99408,3.23,0.81,12,6
0.082,0.996,3.24,0.69,10.6,6
0.044,0.99478,3.2,0.83,10.9,6
0.132,0.99734,3.28,0.77,11.5,6
0.132,0.99734,3.28,0.77,11.5,6
0.078,0.99678,3.26,0.46,9.6,6
0.074,0.99638,3.23,0.76,12,6
0.08,0.9992,3.07,0.82,10.3,6
0.091,0.99922,3.15,0.51,9.4,5
0.08,0.99592,3.02,0.47,9.2,5
0.104,0.99769,3.27,0.72,9.6,5
0.044,0.99157,3.68,0.73,13.6,7
0.075,0.99718,3.4,0.64,9.5,5
0.066,0.9947,3.37,0.78,11.8,6
0.074,0.99621,3.38,0.62,10.8,5
0.075,0.99718,3.4,0.64,9.5,5
0.057,0.99614,3.23,0.49,9.3,4
0.059,0.99242,3.39,0.4,12.8,6
0.054,0.99572,3.3,0.56,11.5,4
0.07,0.99659,3.26,0.64,9.4,6
0.059,0.99242,3.39,0.4,12.8,6
0.081,0.99798,3.38,0.46,9.6,4
0.057,0.99488,3.45,0.56,11.8,4
0.076,0.99494,3.1,0.4,9.3,5
0.079,0.99729,3.16,0.59,9.8,5
0.058,0.99414,3.22,0.6,12.2,6
0.082,0.9983,3.37,0.62,9.5,5
0.067,0.99721,3.33,0.54,10.3,6
0.082,0.99655,3.49,0.68,10.5,5
0.086,0.99502,3.12,0.48,10,5
0.082,0.99655,3.49,0.68,10.5,5
0.081,0.9949,3.41,0.75,11.1,6
0.079,0.99514,3.4,0.61,10.9,6
0.079,0.99514,3.4,0.61,10.9,6
0.077,0.9963,3.28,0.59,9.8,5
0.123,0.99627,3.45,0.58,9.8,5
0.096,0.99569,3.43,0.58,9.5,5
0.079,0.99628,3.4,0.69,10.9,5
0.069,0.99358,3.47,0.45,11,5
0.082,0.99499,3.1,0.42,9.2,5
0.085,0.99633,3.32,0.7,11,6
0.123,0.99538,3.44,0.63,11.3,6
0.123,0.99538,3.44,0.63,11.3,6
0.403,0.99632,3.02,1.15,9.3,5
0.083,0.99437,3.59,0.55,11.2,4
0.081,0.99726,3.15,0.58,9.8,5
0.089,0.9978,3.37,0.46,9.6,4
0.066,0.99456,3.38,0.72,11.8,6
0.081,0.99564,3.38,0.6,10.3,6
0.081,0.99564,3.38,0.6,10.3,6
0.068,0.996,3.1,0.87,11.4,6
0.079,0.99668,3.47,0.55,9.5,6
0.044,0.9908,3.5,0.82,14,8
0.048,0.99084,3.7,0.75,14,6
0.049,0.9935,3.38,0.57,11.7,6
0.077,0.99385,3.5,0.53,11.2,5
0.073,0.99494,3.1,0.43,9.3,5
0.102,0.9944,3.24,0.53,11.2,6
0.075,0.99688,3.24,0.54,9.5,6
0.05,0.99566,3.28,0.56,12,4
0.114,0.99636,3.35,0.6,9.7,6
0.075,0.99688,3.24,0.54,9.5,6
0.062,0.9948,3.14,0.57,11.5,7
0.077,0.9956,3.37,0.64,10.4,6
0.077,0.9956,3.37,0.64,10.4,6
0.084,0.99619,3.33,0.68,10.9,6
0.096,0.99734,3.26,0.63,10.2,6
0.071,0.99476,3.39,0.56,10.9,5
0.09,0.99734,3.15,0.57,10.5,5
0.068,0.99328,3.35,0.54,12.4,6
0.056,0.99286,3.22,0.37,13,5
0.068,0.99914,3.3,1.17,10.2,5
0.068,0.99914,3.3,1.17,10.2,5
0.1,0.99521,3.36,0.59,11,5
0.073,0.99638,3.29,0.75,10.9,6
0.056,0.99362,3.62,0.67,12.4,6
0.084,0.99672,3.34,0.49,9.7,4
0.073,0.99638,3.29,0.75,10.9,6
0.093,0.99558,3.2,0.45,9.5,5
0.093,0.99558,3.2,0.45,9.5,5
0.064,0.99323,3.35,0.61,12.1,6
0.063,0.99191,3.45,0.56,12.2,6
0.137,0.99476,3.5,0.4,10.9,3
0.08,0.99444,3.78,0.61,12.5,6
0.1,0.99598,3.6,0.74,11.7,6
0.064,0.99576,3.3,0.8,11.2,6
0.081,0.99501,3.36,0.66,11.2,5
0.087,0.9955,3.12,0.44,9.2,5
0.073,0.99612,3.3,0.53,9.8,5
0.088,0.9979,3.29,0.62,10.1,5
0.068,0.99524,3.41,0.52,11.1,4
0.088,0.9979,3.29,0.62,10.1,5
0.071,0.996,3.28,0.61,9.2,5
0.073,0.99612,3.3,0.53,9.8,5
0.064,0.9929,3.33,0.59,12.8,6
0.083,0.99532,3.34,0.47,10.5,5
0.086,0.99558,3.4,0.54,10.1,6
0.086,0.99556,3.4,0.53,10.1,6
0.083,0.99616,3.26,0.58,9.8,6
0.041,0.99258,4.01,0.59,12.5,6
0.091,0.99638,3.18,0.69,11.9,6
0.083,0.99616,3.26,0.58,9.8,6
0.414,0.99652,2.9,1.33,9.1,6
0.094,0.99796,3.26,0.66,10.1,5
0.041,0.99258,4.01,0.59,12.5,6
0.058,0.99392,3.18,0.55,11.4,5
0.06,0.99495,3.18,0.82,11,7
0.077,0.9948,3.39,0.6,10.6,6
0.077,0.9948,3.39,0.6,10.6,6
0.077,0.9948,3.39,0.6,10.6,6
0.077,0.9948,3.39,0.6,10.6,6
0.073,0.9955,3.34,0.52,9.3,5
0.083,0.99616,3.29,0.56,9.8,6
0.083,0.99616,3.29,0.56,9.8,6
0.107,0.99668,3.26,0.46,9.2,5
0.075,0.99581,3.09,0.43,9.7,6
0.079,0.9976,3.18,0.51,9.6,5
0.166,0.99608,3.39,0.52,10,5
0.069,0.99387,3.38,0.66,12.6,6
0.057,0.99448,3.36,0.45,9.5,5
0.057,0.99448,3.36,0.45,9.5,5
0.057,0.99448,3.36,0.45,9.5,5
0.084,0.99538,3.36,0.54,10.5,6
0.084,0.99538,3.36,0.54,10.5,6
0.084,0.99538,3.36,0.54,10.5,6
0.085,0.99589,3.37,0.51,10.4,6
0.084,0.99538,3.36,0.54,10.5,6
0.077,0.99852,3.09,0.53,11,5
0.063,0.99613,3.25,0.53,10.2,6
0.056,0.99472,3.52,0.56,11.4,5
0.078,0.99587,3.34,0.39,9.5,5
0.078,0.99587,3.34,0.39,9.5,5
0.081,0.99518,3.41,0.52,10.8,5
0.069,0.99654,3.34,0.57,10,5
0.065,0.99332,3.32,0.51,11.8,6
0.086,0.9969,3.37,0.46,10.3,5
0.086,0.9969,3.37,0.46,10.3,5
0.077,0.99568,3.35,0.52,10,5
0.086,0.99464,3.36,0.44,10.1,5
0.084,0.99464,3.36,0.44,10.1,5
0.078,0.99648,3.6,0.59,11.1,6
0.168,0.99736,3.28,0.5,9.5,5
0.091,0.99704,3.07,0.65,10.0333333333333,6
0.112,0.99699,3.24,0.56,10.9,5
0.093,0.99724,3.36,0.54,10.1,5
0.091,0.99704,3.07,0.65,10.0333333333333,6
0.08,0.99652,3.29,0.48,9.8,4
0.096,0.995,3.46,0.53,11.8,6
0.115,0.9971,3.18,0.62,9.5,5
0.094,0.99576,3.24,0.5,9.8,5
0.088,0.99725,3.25,1.18,10.5,6
0.079,0.99656,3.27,0.5,9.8,6
0.069,0.99396,3.33,0.37,10.4,4
0.415,0.99623,3,1.17,9.2,5
0.153,0.99476,3.21,1.03,11.6,6
0.415,0.99623,3,1.17,9.2,5
0.11,0.99664,3.24,0.45,9.3,5
0.267,0.99471,3.32,0.51,9.8,3
0.083,0.99586,3.26,0.52,9.9,5
0.086,0.9946,3.11,0.46,10,5
0.09,0.9953,3.71,0.62,12.2,6
0.078,0.99609,3.29,0.51,9.9,6
0.077,0.99557,3.36,0.62,10.8,6
0.077,0.99557,3.36,0.62,10.8,6
0.074,0.99534,3.38,0.45,9.6,5
0.08,0.99613,3.3,0.49,9.9,5
0.08,0.99613,3.3,0.49,9.9,5
0.107,0.99593,3.19,0.5,9.5,5
0.076,0.99668,3.19,0.42,9.2,5
0.1,0.9961,3.3,0.58,9.6,5
0.1,0.9961,3.3,0.58,9.6,5
0.083,0.99718,3.35,0.68,10.3,5
0.08,0.99524,3.1,0.53,9.7,5
0.068,0.99292,3.58,0.59,12.5,6
0.094,0.99612,3.37,0.58,11,5
0.07,0.9942,3.17,0.48,9.8,5
0.078,0.99612,3.3,0.48,10.2,5
0.07,0.99669,3.32,0.48,9.2,5
0.092,0.99745,3.31,0.65,9.55,6
0.09,0.99745,3.31,0.65,9.55,5
0.08,0.99584,3.28,0.52,9.9,5
0.083,0.9966,3.52,0.62,10.2,7
0.068,0.9956,3.42,0.72,11.1,6
0.08,0.9962,3.25,0.51,9.9,5
0.08,0.9962,3.25,0.51,9.9,5
0.052,0.9963,3.44,0.82,11.9,6
0.061,0.996,3.23,1.1,10,8
0.082,0.9985,3.43,0.62,10.7,6
0.062,0.9952,3.28,0.9,11.3,7
0.062,0.9974,3.22,0.94,10.9,6
0.064,0.995,3.54,0.93,10.7,6
0.048,0.995,3.27,1.01,12.4,7
0.064,0.995,3.54,0.93,10.7,6
0.082,0.9936,3.5,0.44,11.9,6
0.071,0.9963,3.56,0.73,10.6,6
0.062,0.9974,3.22,0.94,10.9,6
0.104,0.9963,3.04,0.9,10.1,5
0.077,0.9994,3.2,0.78,9.6,5
0.065,0.9966,3.56,0.84,9.4,5
0.077,0.9994,3.2,0.78,9.6,5
0.064,0.9952,3.35,0.77,12.1,7
0.077,0.995,3.16,0.46,9.8,5
0.077,0.9956,3.27,0.45,9.9,5
0.077,0.995,3.16,0.46,9.8,5
0.079,0.9965,3.34,0.58,9.4,5
0.079,0.9956,3.39,0.84,11.4,6
0.123,0.9968,3.5,0.67,11,4
0.076,0.9974,3.26,0.7,9.6,6
0.076,0.9974,3.26,0.7,9.6,6
0.046,0.9971,3.41,0.71,12.1,6
0.078,0.9957,3.3,0.58,11.2,5
0.072,0.9962,3.31,0.63,11,5
0.049,0.996,3.33,0.93,11.3,5
0.066,0.9956,3.37,0.62,10.4,5
0.069,0.9958,3.26,0.54,9.9,6
0.042,0.9944,3.48,0.85,11.7,6
0.069,0.9955,3.42,0.74,10.1,7
0.214,1.00369,3.18,0.77,9,6
0.214,1.00369,3.18,0.77,9,6
0.169,0.99914,3.15,0.65,8.5,5
0.07,0.99577,3.53,0.54,11.1,5
0.052,0.996,3.41,0.47,10.3,5
0.072,0.99566,3.32,0.68,11.0666666666667,6
0.062,0.9947,3.23,0.73,11.3,7
0.094,0.99713,3.16,0.52,9.56666666666667,6
0.078,0.99712,3.4,0.75,9.8,5
0.058,0.99322,3.38,0.49,11.7,5
0.072,0.99566,3.32,0.68,11.1,6
0.094,0.99713,3.16,0.52,9.6,6
0.078,0.99712,3.4,0.75,9.8,5
0.08,0.99701,3.4,0.74,9.7,5
0.08,0.99683,3.4,0.73,9.7,5
0.056,0.99472,3.23,0.76,11.3,8
0.062,0.9947,3.23,0.73,11.3,7
0.104,0.99732,3.33,0.78,11,7
0.062,0.99374,3.35,0.76,11.6,7
0.074,0.99706,3.41,0.58,9,5
0.073,0.99974,3.21,0.69,10.9,6
0.052,0.99467,3.5,0.63,10.9,6
0.05,0.99236,3.3,0.5,10.55,6
0.074,0.99706,3.41,0.58,9,5
0.067,0.99603,3.39,0.6,10.5,5
0.054,0.99458,3.32,0.8,11.9,7
0.054,0.99724,3.41,0.68,10.4,6
0.06,0.99664,3.59,0.61,10,4
0.075,0.99545,3.36,0.58,10.4,6
0.076,0.99522,3.34,0.53,10.8,6
0.063,0.9958,3.41,0.67,9.7,5
0.063,0.9958,3.41,0.67,9.7,5
0.062,0.99728,3.3,0.65,10,7
0.067,0.99648,3.52,0.57,11,4
0.062,0.99728,3.3,0.65,10,7
0.061,0.99705,3.31,0.55,9.7,3
0.084,0.99578,2.88,0.47,9.7,5
0.067,0.99334,3.43,0.52,12.6,5
0.073,0.99656,3.38,0.79,11.1,6
0.071,0.99336,3.38,0.54,11,5
0.205,1.00242,3.16,0.75,8.8,5
0.048,0.99182,3.54,0.88,13.5666666666667,7
0.205,1.00242,3.16,0.75,8.8,5
0.048,0.99182,3.54,0.88,13.6,7
0.082,0.99808,3.4,0.52,10.2,3
0.104,0.99828,3.39,0.68,10.6,5
0.08,0.99498,3.66,0.62,10.1,4
0.104,0.99828,3.39,0.68,10.6,5
0.114,0.99719,3.33,0.57,10.3,4
0.042,0.99542,3.35,0.61,10.7,5
0.06,0.99592,3.53,0.64,10.9,4
0.074,0.99606,3.37,0.55,9.7,5
0.07,0.99546,3.38,0.6,10.3,5
0.066,0.99496,3.52,0.78,10.6,5
0.049,0.9942,3.72,0.58,11.4,5
0.048,0.99448,3.44,0.76,10.8,6
0.039,0.99344,3.39,0.56,12.4,6
0.049,0.9942,3.72,0.58,11.4,5
0.05,0.99348,3.57,0.54,11.95,5
0.089,0.99636,3.26,0.59,9.7,5
0.066,0.99459,3.42,0.7,10,7
0.08,0.99492,3.35,0.81,10.6,6
0.089,0.99636,3.26,0.59,9.7,5
0.054,0.99508,3.45,0.63,11.5,6
0.068,0.99582,3.53,0.58,10.8,6
0.054,0.99508,3.45,0.63,11.5,6
0.076,0.99508,3.26,0.53,9.6,5
0.083,0.99642,3.16,0.53,9.4,5
0.078,0.99638,3.31,0.54,9.8,5
0.077,0.99555,3.51,0.69,11,6
0.106,0.99605,3.36,0.55,11.4,6
0.078,0.996,3.55,0.63,9.95,3
0.07,0.99562,3.51,0.66,10.8,6
0.106,0.99605,3.36,0.55,11.4,6
0.074,0.99814,3.38,0.72,10.6,6
0.062,0.9941,3.28,0.7,11.1,5
0.047,0.99661,3.47,0.77,9.7,6
0.068,0.99712,3.44,0.67,9.8,5
0.061,0.99588,3.53,0.65,10.4,6
0.078,0.99294,3.33,0.6,10.5,6
0.074,0.99842,3.53,0.72,9.23333333333333,6
0.074,0.99842,3.53,0.72,9.25,6
0.071,0.99633,3.42,0.97,10.6,5
0.063,0.99489,3.38,0.83,10.3,6
0.114,0.99647,3.32,0.63,10.5,5
0.106,0.99665,3.44,0.58,10.2,5
0.063,0.99489,3.38,0.83,10.3,6
0.082,0.99585,3.39,0.43,9.05,4
0.071,0.99633,3.42,0.97,10.6,5
0.076,0.9953,3.34,0.6,10.4,5
0.075,0.99522,3.39,0.78,10,6
0.064,0.99552,3.33,0.64,9.7,5
0.064,0.99553,3.3,0.65,9.6,6
0.071,0.9951,3.29,0.66,10.8,6
0.096,0.99714,3.31,0.67,10.1,6
0.063,0.99608,3.42,0.6,10.2,6
0.063,0.99444,3.42,0.69,11.3,6
0.081,0.99631,3.6,0.66,10.2,5
0.058,0.99573,3.21,0.68,9.9,6
0.074,0.99717,3.39,0.61,9,5
0.064,0.99397,3.42,0.62,11.7,7
0.075,0.9959,3.36,0.59,9.7,6
0.077,0.99528,3.6,0.68,10.3,6
0.059,0.99484,3.5,0.64,10.2,6
0.081,0.99538,3.57,0.63,12,5
0.065,0.99714,3.46,0.78,9.9,5
0.071,0.99646,3.56,0.63,11.6,6
0.054,0.99666,3.4,0.76,10.9,7
0.064,0.99472,3.3,0.56,10.75,6
0.064,0.99758,3.25,0.57,10.4,6
0.063,0.9955,3.17,0.81,11.2,7
0.059,0.99531,3.36,0.64,10.1,6
0.072,0.99575,3.36,0.61,10.2,5
0.048,0.99306,3.55,0.51,12.1,5
0.099,0.99783,3.1,0.58,10.4,5
0.074,0.99419,3.24,0.7,11.4,8
0.087,0.99783,3.45,0.53,9.5,5
0.083,0.99768,3.44,0.54,9.4,5
0.103,0.99586,3.51,0.66,11.3,6
0.08,0.99765,3.41,0.6,9.4,5
0.062,0.99627,3.54,0.6,11,6
0.065,0.99514,3.44,0.68,10.55,7
0.066,0.99636,3.53,0.56,9.9,5
0.062,0.99627,3.54,0.6,11,6
0.235,0.99787,3.22,0.56,9.5,5
0.08,0.99622,3.21,0.52,9.9,5
0.08,0.99622,3.21,0.52,9.9,5
0.08,0.99622,3.21,0.52,9.9,5
0.076,0.99546,3.29,0.54,10.1,5
0.076,0.99546,3.29,0.54,10.1,5
0.076,0.99546,3.29,0.54,10.1,5
0.061,0.99489,3.39,0.82,10.9,6
0.059,0.99494,3.34,0.71,11.2,6
0.076,0.99546,3.29,0.54,10.1,5
0.077,0.99629,3.34,0.59,9.2,5
0.056,0.99396,3.48,0.57,11.5,6
0.23,0.9934,3.37,0.93,12.4,6
0.038,0.99514,3.44,0.65,11.1,6
0.069,0.99632,3.33,0.51,9.5,5
0.075,0.99467,3.58,0.67,12.5,6
0.074,0.99677,3.39,0.48,10.5,6
0.06,0.99474,3.26,0.64,11.8,6
0.081,0.99588,3.3,0.78,10.8,6
0.076,0.99622,3.54,0.6,11.9,6
0.118,0.9954,3.42,0.67,11.3,6
0.053,0.99402,3.54,0.6,11.3,5
0.068,0.9947,3.36,0.6,11.9,6
0.053,0.99402,3.54,0.6,11.3,5
0.053,0.99362,3.57,0.5,11.9,5
0.074,0.99578,3.33,0.62,9.8,5
0.061,0.99484,3.29,0.8,11.6,7
0.066,0.99494,3.3,0.84,11.5,6
0.065,0.99492,3.34,0.85,11.4,6
0.066,0.99483,3.55,0.66,10.9,6
0.068,0.99414,3.27,0.78,12.8,6
0.073,0.9977,3.29,0.54,9.2,5
0.077,0.99314,3.32,0.82,11.6,6
0.089,0.99402,3.67,0.56,11.6,6
0.076,0.99574,3.42,0.75,11,6
0.068,0.99651,3.42,0.82,9.5,6
0.09,0.9949,3.45,0.58,10.5,5
0.062,0.99512,3.52,0.76,11.2,6
0.076,0.99574,3.42,0.75,11,6
0.075,0.99547,3.57,0.71,10.2,5
0.067,0.99549,3.39,0.66,11,6
